start_capital,end_capital,total_pnl,trades,wins,losses,winrate,sharpe_ratio
2500000.0,4884291.25732708,2384291.25732708,469,240,229,51.1727078891258,2.6749531555966706
